id,send_time
0,1687781185.6597457
1,1687781187.6652222
2,1687781189.6654272
3,1687781191.6690154
4,1687781193.675172
5,1687781195.6859577
6,1687781197.6895347
7,1687781199.701481
8,1687781201.709089
9,1687781203.717273
10,1687781205.7189183
11,1687781207.7305322
12,1687781209.7398975
13,1687781211.7428434
14,1687781213.7577531
15,1687781215.7678006
16,1687781217.7748349
17,1687781219.7837963
18,1687781221.7915726
19,1687781223.7981489
20,1687781225.8033042
21,1687781227.8125594
22,1687781229.821981
23,1687781231.8305461
24,1687781233.8422022
25,1687781235.8471704
26,1687781237.8613517
27,1687781239.8754058
28,1687781241.8896663
29,1687781243.894594
30,1687781245.9067047
31,1687781247.9166954
32,1687781249.9321792
33,1687781251.9344754
34,1687781253.9469273
35,1687781255.9580088
36,1687781257.9676702
37,1687781259.9752297
38,1687781261.986387
39,1687781264.0018213
40,1687781266.0077167
41,1687781268.0209203
42,1687781270.0314865
43,1687781272.0417624
44,1687781274.047421
45,1687781276.058848
46,1687781278.0672297
47,1687781280.0764923
48,1687781282.0827935
49,1687781284.0931702
50,1687781286.1081388
51,1687781288.1183178
52,1687781290.131933
53,1687781292.138908
54,1687781294.1500232
55,1687781296.16149
56,1687781298.1706464
57,1687781300.1787508
58,1687781302.1876347
59,1687781304.1928031
60,1687781306.2068472
61,1687781308.2137403
62,1687781310.2252178
63,1687781312.234449
64,1687781314.234584
65,1687781316.2506702
66,1687781318.2614565
67,1687781320.2735772
68,1687781322.2822413
69,1687781324.2907107
70,1687781326.300496
71,1687781328.3160117
72,1687781330.3228772
73,1687781332.3283887
74,1687781334.3417716
75,1687781336.3460772
76,1687781338.3553615
77,1687781340.3694723
78,1687781342.3767848
79,1687781344.3856268
80,1687781346.3956146
81,1687781348.4072
82,1687781350.422121
83,1687781352.430141
84,1687781354.4378543
85,1687781356.4462404
86,1687781358.4589453
87,1687781360.461958
88,1687781362.4656727
89,1687781364.4686272
90,1687781366.4816132
91,1687781368.4827983
92,1687781370.4891267
93,1687781372.4912844
94,1687781374.5017009
95,1687781376.5139675
96,1687781378.5271358
97,1687781380.5373666
98,1687781382.5499964
99,1687781384.5607898
