id,receive_time
0,1687781185.9969928
1,1687781192.1226492
2,1687781198.238137
3,1687781204.3859105
4,1687781209.6068645
5,1687781214.6475453
6,1687781220.767046
7,1687781226.8903651
8,1687781233.0144482
9,1687781239.130768
10,1687781245.264506
11,1687781251.3995547
12,1687781257.522399
13,1687781263.6732185
14,1687781269.8016977
15,1687781275.932583
16,1687781282.0718029
17,1687781288.1951797
18,1687781294.3319557
19,1687781300.532539
20,1687781306.5955346
21,1687781312.7300694
22,1687781318.8696702
23,1687781324.9973853
24,1687781331.1364973
25,1687781336.2602558
26,1687781342.4091258
27,1687781348.5355177
28,1687781354.6756096
29,0.0
30,1687781360.831541
31,0.0
32,0.0
33,1687781366.9614282
34,0.0
35,0.0
36,1687781373.0904765
37,0.0
38,0.0
39,1687781379.2230265
40,0.0
41,0.0
42,1687781385.3714488
43,0.0
44,0.0
45,1687781391.4952433
46,0.0
47,0.0
48,1687781397.631698
49,0.0
50,0.0
51,1687781403.7665129
52,0.0
53,0.0
54,1687781409.896701
55,0.0
56,0.0
57,1687781416.0377758
58,0.0
59,0.0
60,0.0
61,1687781422.1695452
62,0.0
63,0.0
64,1687781428.29764
65,0.0
66,0.0
67,1687781434.4387982
68,0.0
69,0.0
70,1687781440.5691154
71,0.0
72,0.0
73,1687781446.701121
74,0.0
75,1687781452.8377268
76,0.0
77,0.0
78,1687781457.9696512
79,0.0
80,0.0
81,1687781464.1036582
82,0.0
83,0.0
84,1687781470.2284737
85,0.0
86,0.0
87,0.0
88,1687781476.3698652
89,0.0
90,0.0
91,1687781482.5236487
92,0.0
93,0.0
94,1687781488.6552436
95,0.0
96,0.0
97,1687781494.7904942
98,0.0
99,0.0
